{
    "class_weights": {
        "0": 0.9006734006734006,
        "1": 0.8573717948717948,
        "2": 0.8573717948717948,
        "3": 4.458333333333333,
        "4": 0.8573717948717948,
        "5": 0.8573717948717948
    },
    "classification_report": {
        "agua": {
            "precision": 0.8260869565217391,
            "recall": 0.95,
            "f1-score": 0.8837209302325583,
            "support": 20.0
        },
        "bom dia": {
            "precision": 0.5862068965517241,
            "recall": 0.85,
            "f1-score": 0.6938775510204082,
            "support": 20.0
        },
        "nao": {
            "precision": 0.4,
            "recall": 0.09523809523809523,
            "f1-score": 0.15384615384615385,
            "support": 21.0
        },
        "ola": {
            "precision": 1.0,
            "recall": 1.0,
            "f1-score": 1.0,
            "support": 4.0
        },
        "por favor": {
            "precision": 0.72,
            "recall": 0.8571428571428571,
            "f1-score": 0.782608695652174,
            "support": 21.0
        },
        "sim": {
            "precision": 1.0,
            "recall": 1.0,
            "f1-score": 1.0,
            "support": 21.0
        },
        "accuracy": 0.7570093457943925,
        "macro avg": {
            "precision": 0.7553823088455772,
            "recall": 0.792063492063492,
            "f1-score": 0.7523422217918823,
            "support": 107.0
        },
        "weighted avg": {
            "precision": 0.7174381033782175,
            "recall": 0.7570093457943925,
            "f1-score": 0.7123132847151795,
            "support": 107.0
        }
    },
    "training_history": {
        "loss": [
            1.7630072832107544,
            1.586174488067627,
            1.520301342010498,
            1.3619234561920166,
            1.5011504888534546,
            25.617450714111328,
            1.436627984046936,
            1.3140064477920532,
            1.2013708353042603,
            1.1146436929702759,
            1.0568956136703491,
            1.01337730884552,
            0.9883630275726318,
            1.0357410907745361,
            1.0285650491714478,
            0.9708118438720703,
            0.9549468755722046,
            0.9242084622383118,
            0.9085316061973572,
            0.915390133857727,
            0.9699773192405701,
            0.9134538769721985,
            0.8828288912773132,
            0.8812482357025146,
            0.8680514097213745,
            0.843319833278656,
            0.8300117254257202,
            0.8220285177230835,
            0.8546273112297058,
            0.7731457352638245,
            0.7868152260780334,
            0.753441333770752,
            0.7553648352622986,
            0.7039901614189148,
            0.7425479888916016,
            0.7173442244529724,
            0.6879609227180481,
            0.680413007736206,
            1.251692533493042,
            0.952327311038971,
            0.8973398208618164,
            0.8345144987106323,
            0.7567687034606934,
            0.6920107007026672,
            0.6720512509346008,
            0.6414642333984375,
            0.9680922031402588,
            0.8627698421478271,
            0.7882994413375854,
            0.7167471647262573,
            0.7014465928077698,
            0.6719986200332642,
            0.6682208776473999,
            0.6431583762168884,
            0.6300045251846313,
            0.6144278049468994,
            1.8743083477020264,
            0.8557007908821106,
            0.8381162881851196,
            0.7799704074859619,
            0.7189635634422302,
            0.6514168381690979,
            0.6485908627510071,
            0.6142335534095764,
            0.6208881735801697,
            0.5714462995529175,
            0.5746966004371643,
            0.5539376735687256,
            0.568289041519165,
            0.5587971806526184,
            0.5466182231903076,
            0.5682264566421509,
            0.5951889753341675,
            0.5635493397712708,
            0.542805016040802,
            0.538084864616394,
            0.526298463344574,
            0.5191455483436584,
            0.520762026309967,
            0.49709567427635193,
            0.4786606431007385,
            0.4581111669540405,
            0.5839061737060547,
            0.5179740190505981,
            0.4963100254535675,
            0.4661741256713867,
            0.454868882894516,
            0.4308179020881653,
            0.45238161087036133,
            0.4301139712333679,
            0.4324868321418762,
            0.421293169260025,
            0.4263496696949005,
            0.5007420778274536,
            0.6395844221115112,
            0.5663141012191772,
            0.48344331979751587,
            0.4427398145198822,
            0.504631519317627,
            0.8771608471870422,
            0.6233184933662415,
            0.7254797220230103,
            0.5654442310333252
        ],